Companies,Departements,Titles
PT. Teknologi Maju,IT Department,Software Developer
PT. Teknologi Maju,IT Department,Senior Developer
PT. Teknologi Maju,IT Department,Team Lead
PT. Teknologi Maju,Human Resources,HR Manager
PT. Teknologi Maju,Human Resources,HR Specialist
PT. Teknologi Maju,Finance,Accountant
PT. Teknologi Maju,Finance,Finance Manager
PT. Teknologi Maju,Marketing,Marketing Manager
PT. Teknologi Maju,Marketing,Digital Marketing Specialist
PT. Teknologi Maju,Sales,Sales Manager
PT. Teknologi Maju,Sales,Sales Representative
